a0,b1,c2,d3,e4,g5,g6,h7,i8,j9,k10,l11,m12,n13,o14,p15,p16,p17
maxrank,944,,,,,,,,,,,,,,,,
0,,0,0,,,,0,,,,,,36,36,,,
1,,0,0,,,,0,,,,,,37,37,,,
2,,0,0,,,,0,,,,,,38,38,,,
3,,0,0,,,,0,,,,,,39,39,,,
4,,0,0,,,,0,,,,,,40,40,,,
5,,0,0,,,,0,,,,,,41,41,,,
6,,0,0,,,,0,,,,,,42,42,,,
7,,0,0,,,,0,,,,,,43,43,,,
8,,0,0,,,,0,,,,,,44,44,,,
9,,0,0,,,,0,,,,,,45,45,,,
10,,0,0,,,,0,,,,,,46,46,,,
11,,0,0,,,,0,,,,,,47,47,,,
12,,0,0,,,,0,,,,,,48,48,,,
13,,0,0,,,,0,,,,,,49,49,,,
14,,0,0,,,,0,,,,,,50,50,,,
15,,0,0,,,,0,,,,,,51,51,,,
16,,0,0,,,,0,,,,,,52,52,,,
17,,0,0,,,,0,,,,,,53,53,,,
18,,0,0,,,,0,,,,,,54,54,,,
19,,0,0,,,,0,,,,,,55,55,,,
20,,0,0,,,,0,,,,,,56,56,,,
21,,0,0,,,,0,,,,,,57,57,,,
22,,0,0,,,,0,,,,,,58,58,,,
23,,0,0,,,,0,,,,,,59,59,,,
24,,0,0,,,,0,,,,,,60,60,,,
25,,0,0,,,,0,,,,,,61,61,,,
26,,0,0,,,,0,,,,,,62,62,,,
27,,0,0,,,,0,,,,,,63,63,,,
28,,0,0,,,,0,,,,,,64,64,,,
29,,0,0,,,,0,,,,,,65,65,,,
30,,0,0,,,,0,,,,,,66,66,,,
31,,0,0,,,,0,,,,,,67,67,,,
32,,0,0,,,,0,,,,,,68,68,,,
33,,0,0,,,,0,,,,,,69,69,,,
34,,0,0,,,,0,,,,,,70,70,,,
35,,0,0,,,,0,,,,,,71,71,,,
36,,0,0,,,,0,,,,,,72,72,,,
37,,0,0,,,,0,,,,,,73,73,,,
38,,0,0,,,,0,,,,,,74,74,,,
39,,0,0,,,,0,,,,,,75,75,,,
40,,0,0,,,,0,,,,,,76,76,,,
41,,0,0,,,,0,,,,,,77,77,,,
42,,0,0,,,,0,,,,,,78,78,,,
43,,0,0,,,,0,,,,,,79,79,,,
44,,0,0,,,,0,,,,,,80,80,,,
45,,0,0,,,,0,,,,,,81,81,,,
46,,0,0,,,,0,,,,,,82,82,,,
47,,0,0,,,,0,,,,,,83,83,,,
48,,0,0,,,,0,,,,,,84,84,,,
49,,0,0,,,,0,,,,,,85,85,,,
50,,0,0,,,,0,,,,,,86,86,,,
51,,0,0,,,,0,,,,,,87,87,,,
52,,0,0,,,,0,,,,,,88,88,,,
53,,0,0,,,,0,,,,,,89,89,,,
54,,0,0,,,,0,,,,,,90,90,,,
55,,0,0,,,,0,,,,,,91,91,,,
56,,0,0,,,,0,,,,,,92,92,,,
57,,0,0,,,,0,,,,,,93,93,,,
58,,0,0,,,,0,,,,,,94,94,,,
59,,0,0,,,,0,,,,,,95,95,,,
60,,0,0,,,,0,,,,,,96,96,,,
61,,0,0,,,,0,,,,,,97,97,,,
62,,0,0,,,,0,,,,,,98,98,,,
63,,0,0,,,,0,,,,,,99,99,,,
64,,0,0,,,,0,,,,,,100,100,,,
65,,0,0,,,,0,,,,,,101,101,,,
66,,0,0,,,,0,,,,,,102,102,,,
67,,0,0,,,,0,,,,,,103,103,,,
68,,0,0,,,,0,,,,,,104,104,,,
69,,0,0,,,,0,,,,,,105,105,,,
70,,0,0,,,,0,,,,,,106,106,,,
71,,0,0,,,,0,,,,,,107,107,,,
72,,0,0,,,,0,,,,,,108,108,,,
73,,0,0,,,,0,,,,,,109,109,,,
74,,0,0,,,,0,,,,,,110,110,,,
75,,0,0,,,,0,,,,,,111,111,,,
76,,0,0,,,,0,,,,,,112,112,,,
77,,0,0,,,,0,,,,,,113,113,,,
78,,0,0,,,,0,,,,,,114,114,,,
79,,0,0,,,,0,,,,,,115,115,,,
80,,0,0,,,,0,,,,,,116,116,,,
81,,0,0,,,,0,,,,,,117,117,,,
82,,0,0,,,,0,,,,,,118,118,,,
83,,0,0,,,,0,,,,,,119,119,,,
84,,0,0,,,,0,,,,,,120,120,,,
85,,0,0,,,,0,,,,,,121,121,,,
86,,0,0,,,,0,,,,,,122,122,,,
87,,0,0,,,,0,,,,,,123,123,,,
88,,0,0,,,,0,,,,,,124,124,,,
89,,0,0,,,,0,,,,,,125,125,,,
90,,0,0,,,,0,,,,,,126,126,,,
91,,0,0,,,,0,,,,,,127,127,,,
92,,0,0,,,,0,,,,,,128,128,,,
93,,0,0,,,,0,,,,,,129,129,,,
94,,0,0,,,,0,,,,,,130,130,,,
95,,0,0,,,,0,,,,,,131,131,,,
96,,0,0,,,,0,,,,,,132,132,,,
97,,0,0,,,,0,,,,,,133,133,,,
98,,0,0,,,,0,,,,,,134,134,,,
99,,0,0,,,,0,,,,,,135,135,,,
100,,0,0,,,,0,,,,,,136,136,,,
101,,0,0,,,,0,,,,,,137,137,,,
102,,0,0,,,,0,,,,,,138,138,,,
103,,0,0,,,,0,,,,,,139,139,,,
104,,0,0,,,,0,,,,,,140,140,,,
105,,0,0,,,,0,,,,,,141,141,,,
106,,0,0,,,,0,,,,,,142,142,,,
107,,0,0,,,,0,,,,,,143,143,,,
108,,0,0,,,,0,,,,,,144,144,,,
109,,0,0,,,,0,,,,,,145,145,,,
110,,0,0,,,,0,,,,,,146,146,,,
111,,0,0,,,,0,,,,,,147,147,,,
112,,0,0,,,,0,,,,,,148,148,,,
113,,0,0,,,,0,,,,,,149,149,,,
114,,0,0,,,,0,,,,,,150,150,,,
115,,0,0,,,,0,,,,,,151,151,,,
116,,0,0,,,,0,,,,,,152,152,,,
117,,0,0,,,,0,,,,,,153,153,,,
118,,0,0,,,,0,,,,,,154,154,,,
119,,0,0,,,,0,,,,,,155,155,,,
120,,0,0,,,,0,,,,,,156,156,,,
121,,0,0,,,,0,,,,,,157,157,,,
122,,0,0,,,,0,,,,,,158,158,,,
123,,0,0,,,,0,,,,,,159,159,,,
124,,0,0,,,,0,,,,,,160,160,,,
125,,0,0,,,,0,,,,,,161,161,,,
126,,0,0,,,,0,,,,,,162,162,,,
127,,0,0,,,,0,,,,,,163,163,,,
128,,0,0,,,,0,,,,,,164,164,,,
129,,0,0,,,,0,,,,,,165,165,,,
130,,0,0,,,,0,,,,,,166,166,,,
131,,0,0,,,,0,,,,,,167,167,,,
132,,0,0,,,,0,,,,,,168,168,,,
133,,0,0,,,,0,,,,,,169,169,,,
134,,0,0,,,,0,,,,,,170,170,,,
135,,0,0,,,,0,,,,,,171,171,,,
136,,0,0,,,,0,,,,,,172,172,,,
137,,0,0,,,,0,,,,,,173,173,,,
138,,0,0,,,,0,,,,,,174,174,,,
139,,0,0,,,,0,,,,,,175,175,,,
140,,0,0,,,,0,,,,,,176,176,,,
141,,0,0,,,,0,,,,,,177,177,,,
142,,0,0,,,,0,,,,,,178,178,,,
143,,0,0,,,,0,,,,,,179,179,,,
144,,0,0,,,,0,,,,,,180,180,,,
145,,0,0,,,,0,,,,,,181,181,,,
146,,0,0,,,,0,,,,,,182,182,,,
147,,0,0,,,,0,,,,,,183,183,,,
148,,0,0,,,,0,,,,,,184,184,,,
149,,0,0,,,,0,,,,,,185,185,,,
150,,0,0,,,,0,,,,,,186,186,,,
151,,0,0,,,,0,,,,,,187,187,,,
152,,0,0,,,,0,,,,,,188,188,,,
153,,0,0,,,,0,,,,,,189,189,,,
154,,0,0,,,,0,,,,,,190,190,,,
155,,0,0,,,,0,,,,,,191,191,,,
156,,0,0,,,,0,,,,,,192,192,,,
157,,0,0,,,,0,,,,,,193,193,,,
158,,0,0,,,,0,,,,,,194,194,,,
159,,0,0,,,,0,,,,,,195,195,,,
160,,0,0,,,,0,,,,,,196,196,,,
161,,0,0,,,,0,,,,,,197,197,,,
162,,0,0,,,,0,,,,,,198,198,,,
163,,0,0,,,,0,,,,,,199,199,,,
164,,0,0,,,,0,,,,,,200,200,,,
165,,0,0,,,,0,,,,,,201,201,,,
166,,0,0,,,,0,,,,,,202,202,,,
167,,0,0,,,,0,,,,,,203,203,,,
168,,0,0,,,,0,,,,,,204,204,,,
169,,0,0,,,,0,,,,,,205,205,,,
170,,0,0,,,,0,,,,,,206,206,,,
171,,0,0,,,,0,,,,,,207,207,,,
172,,0,0,,,,0,,,,,,208,208,,,
173,,0,0,,,,0,,,,,,209,209,,,
174,,0,0,,,,0,,,,,,210,210,,,
175,,0,0,,,,0,,,,,,211,211,,,
176,,0,0,,,,0,,,,,,212,212,,,
177,,0,0,,,,0,,,,,,213,213,,,
178,,0,0,,,,0,,,,,,214,214,,,
179,,0,0,,,,0,,,,,,215,215,,,
180,,0,0,,,,0,,,,,,216,216,,,
181,,0,0,,,,0,,,,,,217,217,,,
182,,0,0,,,,0,,,,,,218,218,,,
183,,0,0,,,,0,,,,,,219,219,,,
184,,0,0,,,,0,,,,,,220,220,,,
185,,0,0,,,,0,,,,,,221,221,,,
186,,0,0,,,,0,,,,,,222,222,,,
187,,0,0,,,,0,,,,,,223,223,,,
188,,0,0,,,,0,,,,,,224,224,,,
189,,0,0,,,,0,,,,,,225,225,,,
190,,0,0,,,,0,,,,,,226,226,,,
191,,0,0,,,,0,,,,,,227,227,,,
192,,0,0,,,,0,,,,,,228,228,,,
193,,0,0,,,,0,,,,,,229,229,,,
194,,0,0,,,,0,,,,,,230,230,,,
195,,0,0,,,,0,,,,,,231,231,,,
196,,0,0,,,,0,,,,,,232,232,,,
197,,0,0,,,,0,,,,,,233,233,,,
198,,0,0,,,,0,,,,,,234,234,,,
199,,0,0,,,,0,,,,,,235,235,,,
200,,0,0,,,,0,,,,,,236,236,,,
201,,0,0,,,,0,,,,,,237,237,,,
202,,0,0,,,,0,,,,,,238,238,,,
203,,0,0,,,,0,,,,,,239,239,,,
204,,0,0,,,,0,,,,,,240,240,,,
205,,0,0,,,,0,,,,,,241,241,,,
206,,0,0,,,,0,,,,,,242,242,,,
207,,0,0,,,,0,,,,,,243,243,,,
208,,0,0,,,,0,,,,,,244,244,,,
209,,0,0,,,,0,,,,,,245,245,,,
210,,0,0,,,,0,,,,,,246,246,,,
211,,0,0,,,,0,,,,,,247,247,,,
212,,0,0,,,,0,,,,,,248,248,,,
213,,0,0,,,,0,,,,,,249,249,,,
214,,0,0,,,,0,,,,,,250,250,,,
215,,0,0,,,,0,,,,,,251,251,,,
216,,0,0,,,,0,,,,,,252,252,,,
217,,0,0,,,,0,,,,,,253,253,,,
218,,0,0,,,,0,,,,,,254,254,,,
219,,0,0,,,,0,,,,,,255,255,,,
220,,0,0,,,,0,,,,,,256,256,,,
221,,0,0,,,,0,,,,,,257,257,,,
222,,0,0,,,,0,,,,,,258,258,,,
223,,0,0,,,,0,,,,,,259,259,,,
224,,0,0,,,,0,,,,,,260,260,,,
225,,0,0,,,,0,,,,,,261,261,,,
226,,0,0,,,,0,,,,,,262,262,,,
227,,0,0,,,,0,,,,,,263,263,,,
228,,0,0,,,,0,,,,,,264,264,,,
229,,0,0,,,,0,,,,,,265,265,,,
230,,0,0,,,,0,,,,,,266,266,,,
231,,0,0,,,,0,,,,,,267,267,,,
232,,0,0,,,,0,,,,,,268,268,,,
233,,0,0,,,,0,,,,,,269,269,,,
234,,0,0,,,,0,,,,,,270,270,,,
235,,0,0,,,,0,,,,,,271,271,,,
236,,0,0,,,,0,,,,,,272,272,,,
237,,0,0,,,,0,,,,,,273,273,,,
238,,0,0,,,,0,,,,,,274,274,,,
239,,0,0,,,,0,,,,,,275,275,,,
240,,0,0,,,,0,,,,,,276,276,,,
241,,0,0,,,,0,,,,,,277,277,,,
242,,0,0,,,,0,,,,,,278,278,,,
243,,0,0,,,,0,,,,,,279,279,,,
244,,0,0,,,,0,,,,,,280,280,,,
245,,0,0,,,,0,,,,,,281,281,,,
246,,0,0,,,,0,,,,,,282,282,,,
247,,0,0,,,,0,,,,,,283,283,,,
248,,0,0,,,,0,,,,,,284,284,,,
249,,0,0,,,,0,,,,,,285,285,,,
250,,0,0,,,,0,,,,,,286,286,,,
251,,0,0,,,,0,,,,,,287,287,,,
252,,0,0,,,,0,,,,,,288,288,,,
253,,0,0,,,,0,,,,,,289,289,,,
254,,0,0,,,,0,,,,,,290,290,,,
255,,0,0,,,,0,,,,,,291,291,,,
256,,0,0,,,,0,,,,,,292,292,,,
257,,0,0,,,,0,,,,,,293,293,,,
258,,0,0,,,,0,,,,,,294,294,,,
259,,0,0,,,,0,,,,,,295,295,,,
260,,0,0,,,,0,,,,,,296,296,,,
261,,0,0,,,,0,,,,,,297,297,,,
262,,0,0,,,,0,,,,,,298,298,,,
263,,0,0,,,,0,,,,,,299,299,,,
264,,0,0,,,,0,,,,,,300,300,,,
265,,0,0,,,,0,,,,,,301,301,,,
266,,0,0,,,,0,,,,,,302,302,,,
267,,0,0,,,,0,,,,,,303,303,,,
268,,0,0,,,,0,,,,,,304,304,,,
269,,0,0,,,,0,,,,,,305,305,,,
270,,0,0,,,,0,,,,,,306,306,,,
271,,0,0,,,,0,,,,,,307,307,,,
272,,0,0,,,,0,,,,,,308,308,,,
273,,0,0,,,,0,,,,,,309,309,,,
274,,0,0,,,,0,,,,,,310,310,,,
275,,0,0,,,,0,,,,,,311,311,,,
276,,0,0,,,,0,,,,,,312,312,,,
277,,0,0,,,,0,,,,,,313,313,,,
278,,0,0,,,,0,,,,,,314,314,,,
279,,0,0,,,,0,,,,,,315,315,,,
280,,0,0,,,,0,,,,,,316,316,,,
281,,0,0,,,,0,,,,,,317,317,,,
282,,0,0,,,,0,,,,,,318,318,,,
283,,0,0,,,,0,,,,,,319,319,,,
284,,0,0,,,,0,,,,,,320,320,,,
285,,0,0,,,,0,,,,,,321,321,,,
286,,0,0,,,,0,,,,,,322,322,,,
287,,0,0,,,,0,,,,,,323,323,,,
288,,0,0,,,,0,,,,,,324,324,,,
289,,0,0,,,,0,,,,,,325,325,,,
290,,0,0,,,,0,,,,,,326,326,,,
291,,0,0,,,,0,,,,,,327,327,,,
292,,0,0,,,,0,,,,,,328,328,,,
293,,0,0,,,,0,,,,,,329,329,,,
294,,0,0,,,,0,,,,,,330,330,,,
295,,0,0,,,,0,,,,,,331,331,,,
296,,0,0,,,,0,,,,,,332,332,,,
297,,0,0,,,,0,,,,,,333,333,,,
298,,0,0,,,,0,,,,,,334,334,,,
299,,0,0,,,,0,,,,,,335,335,,,
300,,0,0,,,,0,,,,,,336,336,,,
301,,0,0,,,,0,,,,,,337,337,,,
302,,0,0,,,,0,,,,,,338,338,,,
303,,0,0,,,,0,,,,,,339,339,,,
304,,0,0,,,,0,,,,,,340,340,,,
305,,0,0,,,,0,,,,,,341,341,,,
306,,0,0,,,,0,,,,,,342,342,,,
307,,0,0,,,,0,,,,,,343,343,,,
308,,0,0,,,,0,,,,,,344,344,,,
309,,0,0,,,,0,,,,,,345,345,,,
310,,0,0,,,,0,,,,,,346,346,,,
311,,0,0,,,,0,,,,,,347,347,,,
312,,0,0,,,,0,,,,,,348,348,,,
313,,0,0,,,,0,,,,,,349,349,,,
314,,0,0,,,,0,,,,,,350,350,,,
315,,0,0,,,,0,,,,,,351,351,,,
316,,0,0,,,,0,,,,,,352,352,,,
317,,0,0,,,,0,,,,,,353,353,,,
318,,0,0,,,,0,,,,,,354,354,,,
319,,0,0,,,,0,,,,,,355,355,,,
320,,0,0,,,,0,,,,,,356,356,,,
321,,0,0,,,,0,,,,,,357,357,,,
322,,0,0,,,,0,,,,,,358,358,,,
323,,0,0,,,,0,,,,,,359,359,,,
324,,0,0,,,,0,,,,,,360,360,,,
325,,0,0,,,,0,,,,,,361,361,,,
326,,0,0,,,,0,,,,,,362,362,,,
327,,0,0,,,,0,,,,,,363,363,,,
328,,0,0,,,,0,,,,,,364,364,,,
329,,0,0,,,,0,,,,,,365,365,,,
330,,0,0,,,,0,,,,,,366,366,,,
331,,0,0,,,,0,,,,,,367,367,,,
332,,0,0,,,,0,,,,,,368,368,,,
333,,0,0,,,,0,,,,,,369,369,,,
334,,0,0,,,,0,,,,,,370,370,,,
335,,0,0,,,,0,,,,,,371,371,,,
336,,0,0,,,,0,,,,,,372,372,,,
337,,0,0,,,,0,,,,,,373,373,,,
338,,0,0,,,,0,,,,,,374,374,,,
339,,0,0,,,,0,,,,,,375,375,,,
340,,0,0,,,,0,,,,,,376,376,,,
341,,0,0,,,,0,,,,,,377,377,,,
342,,0,0,,,,0,,,,,,378,378,,,
343,,0,0,,,,0,,,,,,379,379,,,
344,,0,0,,,,0,,,,,,380,380,,,
345,,0,0,,,,0,,,,,,381,381,,,
346,,0,0,,,,0,,,,,,382,382,,,
347,,0,0,,,,0,,,,,,383,383,,,
348,,0,0,,,,0,,,,,,384,384,,,
349,,0,0,,,,0,,,,,,385,385,,,
350,,0,0,,,,0,,,,,,386,386,,,
351,,0,0,,,,0,,,,,,387,387,,,
352,,0,0,,,,0,,,,,,388,388,,,
353,,0,0,,,,0,,,,,,389,389,,,
354,,0,0,,,,0,,,,,,390,390,,,
355,,0,0,,,,0,,,,,,391,391,,,
356,,0,0,,,,0,,,,,,392,392,,,
357,,0,0,,,,0,,,,,,393,393,,,
358,,0,0,,,,0,,,,,,394,394,,,
359,,0,0,,,,0,,,,,,395,395,,,
360,,0,0,,,,0,,,,,,396,396,,,
361,,0,0,,,,0,,,,,,397,397,,,
362,,0,0,,,,0,,,,,,398,398,,,
363,,0,0,,,,0,,,,,,399,399,,,
364,,0,0,,,,0,,,,,,400,400,,,
365,,0,0,,,,0,,,,,,401,401,,,
366,,0,0,,,,0,,,,,,402,402,,,
367,,0,0,,,,0,,,,,,403,403,,,
368,,0,0,,,,0,,,,,,404,404,,,
369,,0,0,,,,0,,,,,,405,405,,,
370,,0,0,,,,0,,,,,,406,406,,,
371,,0,0,,,,0,,,,,,407,407,,,
372,,0,0,,,,0,,,,,,408,408,,,
373,,0,0,,,,0,,,,,,409,409,,,
374,,0,0,,,,0,,,,,,410,410,,,
375,,0,0,,,,0,,,,,,411,411,,,
376,,0,0,,,,0,,,,,,412,412,,,
377,,0,0,,,,0,,,,,,413,413,,,
378,,0,0,,,,0,,,,,,414,414,,,
379,,0,0,,,,0,,,,,,415,415,,,
380,,0,0,,,,0,,,,,,416,416,,,
381,,0,0,,,,0,,,,,,417,417,,,
382,,0,0,,,,0,,,,,,418,418,,,
383,,0,0,,,,0,,,,,,419,419,,,
384,,0,0,,,,0,,,,,,420,420,,,
385,,0,0,,,,0,,,,,,421,421,,,
386,,0,0,,,,0,,,,,,422,422,,,
387,,0,0,,,,0,,,,,,423,423,,,
388,,0,0,,,,0,,,,,,424,424,,,
389,,0,0,,,,0,,,,,,425,425,,,
390,,0,0,,,,0,,,,,,426,426,,,
391,,0,0,,,,0,,,,,,427,427,,,
392,,0,0,,,,0,,,,,,428,428,,,
393,,0,0,,,,0,,,,,,429,429,,,
394,,0,0,,,,0,,,,,,430,430,,,
395,,0,0,,,,0,,,,,,431,431,,,
396,,0,0,,,,0,,,,,,432,432,,,
397,,0,0,,,,0,,,,,,433,433,,,
398,,0,0,,,,0,,,,,,434,434,,,
399,,0,0,,,,0,,,,,,435,435,,,
400,,0,0,,,,0,,,,,,436,436,,,
401,,0,0,,,,0,,,,,,437,437,,,
402,,0,0,,,,0,,,,,,438,438,,,
403,,0,0,,,,0,,,,,,439,439,,,
404,,0,0,,,,0,,,,,,440,440,,,
405,,0,0,,,,0,,,,,,441,441,,,
406,,0,0,,,,0,,,,,,442,442,,,
407,,0,0,,,,0,,,,,,443,443,,,
408,,0,0,,,,0,,,,,,444,444,,,
409,,0,0,,,,0,,,,,,445,445,,,
410,,0,0,,,,0,,,,,,446,446,,,
411,,0,0,,,,0,,,,,,447,447,,,
412,,0,0,,,,0,,,,,,448,448,,,
413,,0,0,,,,0,,,,,,449,449,,,
414,,0,0,,,,0,,,,,,450,450,,,
415,,0,0,,,,0,,,,,,451,451,,,
416,,0,0,,,,0,,,,,,452,452,,,
417,,0,0,,,,0,,,,,,453,453,,,
418,,0,0,,,,0,,,,,,454,454,,,
419,,0,0,,,,0,,,,,,455,455,,,
420,,0,0,,,,0,,,,,,456,456,,,
421,,0,0,,,,0,,,,,,457,457,,,
422,,0,0,,,,0,,,,,,458,458,,,
423,,0,0,,,,0,,,,,,459,459,,,
424,,0,0,,,,0,,,,,,460,460,,,
425,,0,0,,,,0,,,,,,461,461,,,
426,,0,0,,,,0,,,,,,462,462,,,
427,,0,0,,,,0,,,,,,463,463,,,
428,,0,0,,,,0,,,,,,464,464,,,
429,,0,0,,,,0,,,,,,465,465,,,
430,,0,0,,,,0,,,,,,466,466,,,
431,,0,0,,,,0,,,,,,467,467,,,
432,,0,0,,,,0,,,,,,468,468,,,
433,,0,0,,,,0,,,,,,469,469,,,
434,,0,0,,,,0,,,,,,470,470,,,
435,,0,0,,,,0,,,,,,471,471,,,
436,,0,0,,,,0,,,,,,472,472,,,
437,,0,0,,,,0,,,,,,473,473,,,
438,,0,0,,,,0,,,,,,474,474,,,
439,,0,0,,,,0,,,,,,475,475,,,
440,,0,0,,,,0,,,,,,476,476,,,
441,,0,0,,,,0,,,,,,477,477,,,
442,,0,0,,,,0,,,,,,478,478,,,
443,,0,0,,,,0,,,,,,479,479,,,
444,,0,0,,,,0,,,,,,480,480,,,
445,,0,0,,,,0,,,,,,481,481,,,
446,,0,0,,,,0,,,,,,482,482,,,
447,,0,0,,,,0,,,,,,483,483,,,
448,,0,0,,,,0,,,,,,484,484,,,
449,,0,0,,,,0,,,,,,485,485,,,
450,,0,0,,,,0,,,,,,486,486,,,
451,,0,0,,,,0,,,,,,487,487,,,
452,,0,0,,,,0,,,,,,488,488,,,
453,,0,0,,,,0,,,,,,489,489,,,
454,,0,0,,,,0,,,,,,490,490,,,
455,,0,0,,,,0,,,,,,491,491,,,
456,,0,0,,,,0,,,,,,492,492,,,
457,,0,0,,,,0,,,,,,493,493,,,
458,,0,0,,,,0,,,,,,494,494,,,
459,,0,0,,,,0,,,,,,495,495,,,
460,,0,0,,,,0,,,,,,496,496,,,
461,,0,0,,,,0,,,,,,497,497,,,
462,,0,0,,,,0,,,,,,498,498,,,
463,,0,0,,,,0,,,,,,499,499,,,
464,,0,0,,,,0,,,,,,500,500,,,
465,,0,0,,,,0,,,,,,501,501,,,
466,,0,0,,,,0,,,,,,502,502,,,
467,,0,0,,,,0,,,,,,503,503,,,
468,,0,0,,,,0,,,,,,504,504,,,
469,,0,0,,,,0,,,,,,505,505,,,
470,,0,0,,,,0,,,,,,506,506,,,
471,,0,0,,,,0,,,,,,507,507,,,
472,,0,0,,,,0,,,,,,508,508,,,
473,,0,0,,,,0,,,,,,509,509,,,
474,,0,0,,,,0,,,,,,510,510,,,
475,,0,0,,,,0,,,,,,511,511,,,
476,,0,0,,,,0,,,,,,512,512,,,
477,,0,0,,,,0,,,,,,513,513,,,
478,,0,0,,,,0,,,,,,514,514,,,
479,,0,0,,,,0,,,,,,515,515,,,
480,,0,0,,,,0,,,,,,516,516,,,
481,,0,0,,,,0,,,,,,517,517,,,
482,,0,0,,,,0,,,,,,518,518,,,
483,,0,0,,,,0,,,,,,519,519,,,
484,,0,0,,,,0,,,,,,520,520,,,
485,,0,0,,,,0,,,,,,521,521,,,
486,,0,0,,,,0,,,,,,522,522,,,
487,,0,0,,,,0,,,,,,523,523,,,
488,,0,0,,,,0,,,,,,524,524,,,
489,,0,0,,,,0,,,,,,525,525,,,
490,,0,0,,,,0,,,,,,526,526,,,
491,,0,0,,,,0,,,,,,527,527,,,
492,,0,0,,,,0,,,,,,528,528,,,
493,,0,0,,,,0,,,,,,529,529,,,
494,,0,0,,,,0,,,,,,530,530,,,
495,,0,0,,,,0,,,,,,531,531,,,
496,,0,0,,,,0,,,,,,532,532,,,
497,,0,0,,,,0,,,,,,533,533,,,
498,,0,0,,,,0,,,,,,534,534,,,
499,,0,0,,,,0,,,,,,535,535,,,
500,,0,0,,,,0,,,,,,536,536,,,
501,,0,0,,,,0,,,,,,537,537,,,
502,,0,0,,,,0,,,,,,538,538,,,
503,,0,0,,,,0,,,,,,539,539,,,
504,,0,0,,,,0,,,,,,540,540,,,
505,,0,0,,,,0,,,,,,541,541,,,
506,,0,0,,,,0,,,,,,542,542,,,
507,,0,0,,,,0,,,,,,543,543,,,
508,,0,0,,,,0,,,,,,544,544,,,
509,,0,0,,,,0,,,,,,545,545,,,
510,,0,0,,,,0,,,,,,546,546,,,
511,,0,0,,,,0,,,,,,547,547,,,
512,,0,0,,,,0,,,,,,548,548,,,
513,,0,0,,,,0,,,,,,549,549,,,
514,,0,0,,,,0,,,,,,550,550,,,
515,,0,0,,,,0,,,,,,551,551,,,
516,,0,0,,,,0,,,,,,552,552,,,
517,,0,0,,,,0,,,,,,553,553,,,
518,,0,0,,,,0,,,,,,554,554,,,
519,,0,0,,,,0,,,,,,555,555,,,
520,,0,0,,,,0,,,,,,556,556,,,
521,,0,0,,,,0,,,,,,557,557,,,
522,,0,0,,,,0,,,,,,558,558,,,
523,,0,0,,,,0,,,,,,559,559,,,
524,,0,0,,,,0,,,,,,560,560,,,
525,,0,0,,,,0,,,,,,561,561,,,
526,,0,0,,,,0,,,,,,562,562,,,
527,,0,0,,,,0,,,,,,563,563,,,
528,,0,0,,,,0,,,,,,564,564,,,
529,,0,0,,,,0,,,,,,565,565,,,
530,,0,0,,,,0,,,,,,566,566,,,
531,,0,0,,,,0,,,,,,567,567,,,
532,,0,0,,,,0,,,,,,568,568,,,
533,,0,0,,,,0,,,,,,569,569,,,
534,,0,0,,,,0,,,,,,570,570,,,
535,,0,0,,,,0,,,,,,571,571,,,
536,,0,0,,,,0,,,,,,572,572,,,
537,,0,0,,,,0,,,,,,573,573,,,
538,,0,0,,,,0,,,,,,574,574,,,
539,,0,0,,,,0,,,,,,575,575,,,
540,,0,0,,,,0,,,,,,576,576,,,
541,,0,0,,,,0,,,,,,577,577,,,
542,,0,0,,,,0,,,,,,578,578,,,
543,,0,0,,,,0,,,,,,579,579,,,
544,,0,0,,,,0,,,,,,580,580,,,
545,,0,0,,,,0,,,,,,581,581,,,
546,,0,0,,,,0,,,,,,582,582,,,
547,,0,0,,,,0,,,,,,583,583,,,
548,,0,0,,,,0,,,,,,584,584,,,
549,,0,0,,,,0,,,,,,585,585,,,
550,,0,0,,,,0,,,,,,586,586,,,
551,,0,0,,,,0,,,,,,587,587,,,
552,,0,0,,,,0,,,,,,588,588,,,
553,,0,0,,,,0,,,,,,589,589,,,
554,,0,0,,,,0,,,,,,590,590,,,
555,,0,0,,,,0,,,,,,591,591,,,
556,,0,0,,,,0,,,,,,592,592,,,
557,,0,0,,,,0,,,,,,593,593,,,
558,,0,0,,,,0,,,,,,594,594,,,
559,,0,0,,,,0,,,,,,595,595,,,
560,,0,0,,,,0,,,,,,596,596,,,
561,,0,0,,,,0,,,,,,597,597,,,
562,,0,0,,,,0,,,,,,598,598,,,
563,,0,0,,,,0,,,,,,599,599,,,
564,,0,0,,,,0,,,,,,600,600,,,
565,,0,0,,,,0,,,,,,601,601,,,
566,,0,0,,,,0,,,,,,602,602,,,
567,,0,0,,,,0,,,,,,603,603,,,
568,,0,0,,,,0,,,,,,604,604,,,
569,,0,0,,,,0,,,,,,605,605,,,
570,,0,0,,,,0,,,,,,606,606,,,
571,,0,0,,,,0,,,,,,607,607,,,
572,,0,0,,,,0,,,,,,608,608,,,
573,,0,0,,,,0,,,,,,609,609,,,
574,,0,0,,,,0,,,,,,610,610,,,
575,,0,0,,,,0,,,,,,611,611,,,
576,,0,0,,,,0,,,,,,612,612,,,
577,,0,0,,,,0,,,,,,613,613,,,
578,,0,0,,,,0,,,,,,614,614,,,
579,,0,0,,,,0,,,,,,615,615,,,
580,,0,0,,,,0,,,,,,616,616,,,
581,,0,0,,,,0,,,,,,617,617,,,
582,,0,0,,,,0,,,,,,618,618,,,
583,,0,0,,,,0,,,,,,619,619,,,
584,,0,0,,,,0,,,,,,620,620,,,
585,,0,0,,,,0,,,,,,621,621,,,
586,,0,0,,,,0,,,,,,622,622,,,
587,,0,0,,,,0,,,,,,623,623,,,
588,,0,0,,,,0,,,,,,624,624,,,
589,,0,0,,,,0,,,,,,625,625,,,
590,,0,0,,,,0,,,,,,626,626,,,
591,,0,0,,,,0,,,,,,627,627,,,
592,,0,0,,,,0,,,,,,628,628,,,
593,,0,0,,,,0,,,,,,629,629,,,
594,,0,0,,,,0,,,,,,630,630,,,
595,,0,0,,,,0,,,,,,631,631,,,
596,,0,0,,,,0,,,,,,632,632,,,
597,,0,0,,,,0,,,,,,633,633,,,
598,,0,0,,,,0,,,,,,634,634,,,
599,,0,0,,,,0,,,,,,635,635,,,
600,,0,0,,,,0,,,,,,636,636,,,
601,,0,0,,,,0,,,,,,637,637,,,
602,,0,0,,,,0,,,,,,638,638,,,
603,,0,0,,,,0,,,,,,639,639,,,
604,,0,0,,,,0,,,,,,640,640,,,
605,,0,0,,,,0,,,,,,641,641,,,
606,,0,0,,,,0,,,,,,642,642,,,
607,,0,0,,,,0,,,,,,643,643,,,
608,,0,0,,,,0,,,,,,644,644,,,
609,,0,0,,,,0,,,,,,645,645,,,
610,,0,0,,,,0,,,,,,646,646,,,
611,,0,0,,,,0,,,,,,647,647,,,
612,,0,0,,,,0,,,,,,648,648,,,
613,,0,0,,,,0,,,,,,649,649,,,
614,,0,0,,,,0,,,,,,650,650,,,
615,,0,0,,,,0,,,,,,651,651,,,
616,,0,0,,,,0,,,,,,652,652,,,
617,,0,0,,,,0,,,,,,653,653,,,
618,,0,0,,,,0,,,,,,654,654,,,
619,,0,0,,,,0,,,,,,655,655,,,
620,,0,0,,,,0,,,,,,656,656,,,
621,,0,0,,,,0,,,,,,657,657,,,
622,,0,0,,,,0,,,,,,658,658,,,
623,,0,0,,,,0,,,,,,659,659,,,
624,,0,0,,,,0,,,,,,660,660,,,
625,,0,0,,,,0,,,,,,661,661,,,
626,,0,0,,,,0,,,,,,662,662,,,
627,,0,0,,,,0,,,,,,663,663,,,
628,,0,0,,,,0,,,,,,664,664,,,
629,,0,0,,,,0,,,,,,665,665,,,
630,,0,0,,,,0,,,,,,666,666,,,
631,,0,0,,,,0,,,,,,667,667,,,
632,,0,0,,,,0,,,,,,668,668,,,
633,,0,0,,,,0,,,,,,669,669,,,
634,,0,0,,,,0,,,,,,670,670,,,
635,,0,0,,,,0,,,,,,671,671,,,
636,,0,0,,,,0,,,,,,672,672,,,
637,,0,0,,,,0,,,,,,673,673,,,
638,,0,0,,,,0,,,,,,674,674,,,
639,,0,0,,,,0,,,,,,675,675,,,
640,,0,0,,,,0,,,,,,676,676,,,
641,,0,0,,,,0,,,,,,677,677,,,
642,,0,0,,,,0,,,,,,678,678,,,
643,,0,0,,,,0,,,,,,679,679,,,
644,,0,0,,,,0,,,,,,680,680,,,
645,,0,0,,,,0,,,,,,681,681,,,
646,,0,0,,,,0,,,,,,682,682,,,
647,,0,0,,,,0,,,,,,683,683,,,
648,,0,0,,,,0,,,,,,684,684,,,
649,,0,0,,,,0,,,,,,685,685,,,
650,,0,0,,,,0,,,,,,686,686,,,
651,,0,0,,,,0,,,,,,687,687,,,
652,,0,0,,,,0,,,,,,688,688,,,
653,,0,0,,,,0,,,,,,689,689,,,
654,,0,0,,,,0,,,,,,690,690,,,
655,,0,0,,,,0,,,,,,691,691,,,
656,,0,0,,,,0,,,,,,692,692,,,
657,,0,0,,,,0,,,,,,693,693,,,
658,,0,0,,,,0,,,,,,694,694,,,
659,,0,0,,,,0,,,,,,695,695,,,
660,,0,0,,,,0,,,,,,696,696,,,
661,,0,0,,,,0,,,,,,697,697,,,
662,,0,0,,,,0,,,,,,698,698,,,
663,,0,0,,,,0,,,,,,699,699,,,
664,,0,0,,,,0,,,,,,700,700,,,
665,,0,0,,,,0,,,,,,701,701,,,
666,,0,0,,,,0,,,,,,702,702,,,
667,,0,0,,,,0,,,,,,703,703,,,
668,,0,0,,,,0,,,,,,704,704,,,
669,,0,0,,,,0,,,,,,705,705,,,
670,,0,0,,,,0,,,,,,706,706,,,
671,,0,0,,,,0,,,,,,707,707,,,
672,,0,0,,,,0,,,,,,708,708,,,
673,,0,0,,,,0,,,,,,709,709,,,
674,,0,0,,,,0,,,,,,710,710,,,
675,,0,0,,,,0,,,,,,711,711,,,
676,,0,0,,,,0,,,,,,712,712,,,
677,,0,0,,,,0,,,,,,713,713,,,
678,,0,0,,,,0,,,,,,714,714,,,
679,,0,0,,,,0,,,,,,715,715,,,
680,,0,0,,,,0,,,,,,716,716,,,
681,,0,0,,,,0,,,,,,717,717,,,
682,,0,0,,,,0,,,,,,718,718,,,
683,,0,0,,,,0,,,,,,719,719,,,
684,,0,0,,,,0,,,,,,720,720,,,
685,,0,0,,,,0,,,,,,721,721,,,
686,,0,0,,,,0,,,,,,722,722,,,
687,,0,0,,,,0,,,,,,723,723,,,
688,,0,0,,,,0,,,,,,724,724,,,
689,,0,0,,,,0,,,,,,725,725,,,
690,,0,0,,,,0,,,,,,726,726,,,
691,,0,0,,,,0,,,,,,727,727,,,
692,,0,0,,,,0,,,,,,728,728,,,
693,,0,0,,,,0,,,,,,729,729,,,
694,,0,0,,,,0,,,,,,730,730,,,
695,,0,0,,,,0,,,,,,731,731,,,
696,,0,0,,,,0,,,,,,732,732,,,
697,,0,0,,,,0,,,,,,733,733,,,
698,,0,0,,,,0,,,,,,734,734,,,
699,,0,0,,,,0,,,,,,735,735,,,
700,,0,0,,,,0,,,,,,736,736,,,
701,,0,0,,,,0,,,,,,737,737,,,
702,,0,0,,,,0,,,,,,738,738,,,
703,,0,0,,,,0,,,,,,739,739,,,
704,,0,0,,,,0,,,,,,740,740,,,
705,,0,0,,,,0,,,,,,741,741,,,
706,,0,0,,,,0,,,,,,742,742,,,
707,,0,0,,,,0,,,,,,743,743,,,
708,,0,0,,,,0,,,,,,744,744,,,
709,,0,0,,,,0,,,,,,745,745,,,
710,,0,0,,,,0,,,,,,746,746,,,
711,,0,0,,,,0,,,,,,747,747,,,
712,,0,0,,,,0,,,,,,748,748,,,
713,,0,0,,,,0,,,,,,749,749,,,
714,,0,0,,,,0,,,,,,750,750,,,
715,,0,0,,,,0,,,,,,751,751,,,
716,,0,0,,,,0,,,,,,752,752,,,
717,,0,0,,,,0,,,,,,753,753,,,
718,,0,0,,,,0,,,,,,754,754,,,
719,,0,0,,,,0,,,,,,755,755,,,
720,,0,0,,,,0,,,,,,756,756,,,
721,,0,0,,,,0,,,,,,757,757,,,
722,,0,0,,,,0,,,,,,758,758,,,
723,,0,0,,,,0,,,,,,759,759,,,
724,,0,0,,,,0,,,,,,760,760,,,
725,,0,0,,,,0,,,,,,761,761,,,
726,,0,0,,,,0,,,,,,762,762,,,
727,,0,0,,,,0,,,,,,763,763,,,
728,,0,0,,,,0,,,,,,764,764,,,
729,,0,0,,,,0,,,,,,765,765,,,
730,,0,0,,,,0,,,,,,766,766,,,
731,,0,0,,,,0,,,,,,767,767,,,
732,,0,0,,,,0,,,,,,768,768,,,
733,,0,0,,,,0,,,,,,769,769,,,
734,,0,0,,,,0,,,,,,770,770,,,
735,,0,0,,,,0,,,,,,771,771,,,
736,,0,0,,,,0,,,,,,772,772,,,
737,,0,0,,,,0,,,,,,773,773,,,
738,,0,0,,,,0,,,,,,774,774,,,
739,,0,0,,,,0,,,,,,775,775,,,
740,,0,0,,,,0,,,,,,776,776,,,
741,,0,0,,,,0,,,,,,777,777,,,
742,,0,0,,,,0,,,,,,778,778,,,
743,,0,0,,,,0,,,,,,779,779,,,
744,,0,0,,,,0,,,,,,780,780,,,
745,,0,0,,,,0,,,,,,781,781,,,
746,,0,0,,,,0,,,,,,782,782,,,
747,,0,0,,,,0,,,,,,783,783,,,
748,,0,0,,,,0,,,,,,784,784,,,
749,,0,0,,,,0,,,,,,785,785,,,
750,,0,0,,,,0,,,,,,786,786,,,
751,,0,0,,,,0,,,,,,787,787,,,
752,,0,0,,,,0,,,,,,788,788,,,
753,,0,0,,,,0,,,,,,789,789,,,
754,,0,0,,,,0,,,,,,790,790,,,
755,,0,0,,,,0,,,,,,791,791,,,
756,,0,0,,,,0,,,,,,792,792,,,
757,,0,0,,,,0,,,,,,793,793,,,
758,,0,0,,,,0,,,,,,794,794,,,
759,,0,0,,,,0,,,,,,795,795,,,
760,,0,0,,,,0,,,,,,796,796,,,
761,,0,0,,,,0,,,,,,797,797,,,
762,,0,0,,,,0,,,,,,798,798,,,
763,,0,0,,,,0,,,,,,799,799,,,
764,,0,0,,,,0,,,,,,800,800,,,
765,,0,0,,,,0,,,,,,801,801,,,
766,,0,0,,,,0,,,,,,802,802,,,
767,,0,0,,,,0,,,,,,803,803,,,
768,,0,0,,,,0,,,,,,804,804,,,
769,,0,0,,,,0,,,,,,805,805,,,
770,,0,0,,,,0,,,,,,806,806,,,
771,,0,0,,,,0,,,,,,807,807,,,
772,,0,0,,,,0,,,,,,808,808,,,
773,,0,0,,,,0,,,,,,809,809,,,
774,,0,0,,,,0,,,,,,810,810,,,
775,,0,0,,,,0,,,,,,811,811,,,
776,,0,0,,,,0,,,,,,812,812,,,
777,,0,0,,,,0,,,,,,813,813,,,
778,,0,0,,,,0,,,,,,814,814,,,
779,,0,0,,,,0,,,,,,815,815,,,
780,,0,0,,,,0,,,,,,816,816,,,
781,,0,0,,,,0,,,,,,817,817,,,
782,,0,0,,,,0,,,,,,818,818,,,
783,,0,0,,,,0,,,,,,819,819,,,
784,,0,0,,,,0,,,,,,820,820,,,
785,,0,0,,,,0,,,,,,821,821,,,
786,,0,0,,,,0,,,,,,822,822,,,
787,,0,0,,,,0,,,,,,823,823,,,
788,,0,0,,,,0,,,,,,824,824,,,
789,,0,0,,,,0,,,,,,825,825,,,
790,,0,0,,,,0,,,,,,826,826,,,
791,,0,0,,,,0,,,,,,827,827,,,
792,,0,0,,,,0,,,,,,828,828,,,
793,,0,0,,,,0,,,,,,829,829,,,
794,,0,0,,,,0,,,,,,830,830,,,
795,,0,0,,,,0,,,,,,831,831,,,
796,,0,0,,,,0,,,,,,832,832,,,
797,,0,0,,,,0,,,,,,833,833,,,
798,,0,0,,,,0,,,,,,834,834,,,
799,,0,0,,,,0,,,,,,835,835,,,
800,,0,0,,,,0,,,,,,836,836,,,
801,,0,0,,,,0,,,,,,837,837,,,
802,,0,0,,,,0,,,,,,838,838,,,
803,,0,0,,,,0,,,,,,839,839,,,
804,,0,0,,,,0,,,,,,840,840,,,
805,,0,0,,,,0,,,,,,841,841,,,
806,,0,0,,,,0,,,,,,842,842,,,
807,,0,0,,,,0,,,,,,843,843,,,
808,,0,0,,,,0,,,,,,844,844,,,
809,,0,0,,,,0,,,,,,845,845,,,
810,,0,0,,,,0,,,,,,846,846,,,
811,,0,0,,,,0,,,,,,847,847,,,
812,,0,0,,,,0,,,,,,848,848,,,
813,,0,0,,,,0,,,,,,849,849,,,
814,,0,0,,,,0,,,,,,850,850,,,
815,,0,0,,,,0,,,,,,851,851,,,
816,,0,0,,,,0,,,,,,852,852,,,
817,,0,0,,,,0,,,,,,853,853,,,
818,,0,0,,,,0,,,,,,854,854,,,
819,,0,0,,,,0,,,,,,855,855,,,
820,,0,0,,,,0,,,,,,856,856,,,
821,,0,0,,,,0,,,,,,857,857,,,
822,,0,0,,,,0,,,,,,858,858,,,
823,,0,0,,,,0,,,,,,859,859,,,
824,,0,0,,,,0,,,,,,860,860,,,
825,,0,0,,,,0,,,,,,861,861,,,
826,,0,0,,,,0,,,,,,862,862,,,
827,,0,0,,,,0,,,,,,863,863,,,
828,,0,0,,,,0,,,,,,864,864,,,
829,,0,0,,,,0,,,,,,865,865,,,
830,,0,0,,,,0,,,,,,866,866,,,
831,,0,0,,,,0,,,,,,867,867,,,
832,,0,0,,,,0,,,,,,868,868,,,
833,,0,0,,,,0,,,,,,869,869,,,
834,,0,0,,,,0,,,,,,870,870,,,
835,,0,0,,,,0,,,,,,871,871,,,
836,,0,0,,,,0,,,,,,872,872,,,
837,,0,0,,,,0,,,,,,873,873,,,
838,,0,0,,,,0,,,,,,874,874,,,
839,,0,0,,,,0,,,,,,875,875,,,
840,,0,0,,,,0,,,,,,876,876,,,
841,,0,0,,,,0,,,,,,877,877,,,
842,,0,0,,,,0,,,,,,878,878,,,
843,,0,0,,,,0,,,,,,879,879,,,
844,,0,0,,,,0,,,,,,880,880,,,
845,,0,0,,,,0,,,,,,881,881,,,
846,,0,0,,,,0,,,,,,882,882,,,
847,,0,0,,,,0,,,,,,883,883,,,
848,,0,0,,,,0,,,,,,884,884,,,
849,,0,0,,,,0,,,,,,885,885,,,
850,,0,0,,,,0,,,,,,886,886,,,
851,,0,0,,,,0,,,,,,887,887,,,
852,,0,0,,,,0,,,,,,888,888,,,
853,,0,0,,,,0,,,,,,889,889,,,
854,,0,0,,,,0,,,,,,890,890,,,
855,,0,0,,,,0,,,,,,891,891,,,
856,,0,0,,,,0,,,,,,892,892,,,
857,,0,0,,,,0,,,,,,893,893,,,
858,,0,0,,,,0,,,,,,894,894,,,
859,,0,0,,,,0,,,,,,895,895,,,
860,,0,0,,,,0,,,,,,896,896,,,
861,,0,0,,,,0,,,,,,897,897,,,
862,,0,0,,,,0,,,,,,898,898,,,
863,,0,0,,,,0,,,,,,899,899,,,
864,,0,0,,,,0,,,,,,900,900,,,
865,,0,0,,,,0,,,,,,901,901,,,
866,,0,0,,,,0,,,,,,902,902,,,
867,,0,0,,,,0,,,,,,903,903,,,
868,,0,0,,,,0,,,,,,904,904,,,
869,,0,0,,,,0,,,,,,905,905,,,
870,,0,0,,,,0,,,,,,906,906,,,
871,,0,0,,,,0,,,,,,907,907,,,
872,,0,0,,,,0,,,,,,908,908,,,
873,,0,0,,,,0,,,,,,909,909,,,
874,,0,0,,,,0,,,,,,910,910,,,
875,,0,0,,,,0,,,,,,911,911,,,
876,,0,0,,,,0,,,,,,912,912,,,
877,,0,0,,,,0,,,,,,913,913,,,
878,,0,0,,,,0,,,,,,914,914,,,
879,,0,0,,,,0,,,,,,915,915,,,
880,,0,0,,,,0,,,,,,916,916,,,
881,,0,0,,,,0,,,,,,917,917,,,
882,,0,0,,,,0,,,,,,918,918,,,
883,,0,0,,,,0,,,,,,919,919,,,
884,,0,0,,,,0,,,,,,920,920,,,
885,,0,0,,,,0,,,,,,921,921,,,
886,,0,0,,,,0,,,,,,922,922,,,
887,,0,0,,,,0,,,,,,923,923,,,
888,,0,0,,,,0,,,,,,924,924,,,
889,,0,0,,,,0,,,,,,925,925,,,
890,,0,0,,,,0,,,,,,926,926,,,
891,,0,0,,,,0,,,,,,927,927,,,
892,,0,0,,,,0,,,,,,928,928,,,
893,,0,0,,,,0,,,,,,929,929,,,
894,,0,0,,,,0,,,,,,930,930,,,
895,,0,0,,,,0,,,,,,931,931,,,
896,,0,0,,,,0,,,,,,932,932,,,
897,,0,0,,,,0,,,,,,933,933,,,
898,,0,0,,,,0,,,,,,934,934,,,
899,,0,0,,,,0,,,,,,935,935,,,
900,,0,0,,,,0,,,,,,936,936,,,
901,,0,0,,,,0,,,,,,937,937,,,
902,,0,0,,,,0,,,,,,938,938,,,
903,,0,0,,,,0,,,,,,939,939,,,
904,,0,0,,,,0,,,,,,940,940,,,
905,,0,0,,,,0,,,,,,941,941,,,
906,,0,0,,,,0,,,,,,942,942,,,
907,,0,0,,,,0,,,,,,943,943,,,
908,,0,0,,,,0,,,,,,944,944,,,
909,,0,0,,,,0,,,,,,945,945,,,
910,,0,0,,,,0,,,,,,946,946,,,
911,,0,0,,,,0,,,,,,947,947,,,
912,,0,0,,,,0,,,,,,948,948,,,
913,,0,0,,,,0,,,,,,949,949,,,
914,,0,0,,,,0,,,,,,950,950,,,
915,,0,0,,,,0,,,,,,951,951,,,
916,,0,0,,,,0,,,,,,952,952,,,
917,,0,0,,,,0,,,,,,953,953,,,
918,,0,0,,,,0,,,,,,954,954,,,
919,,0,0,,,,0,,,,,,955,955,,,
920,,0,0,,,,0,,,,,,956,956,,,
921,,0,0,,,,0,,,,,,957,957,,,
922,,0,0,,,,0,,,,,,958,958,,,
923,,0,0,,,,0,,,,,,959,959,,,
924,,0,0,,,,0,,,,,,960,960,,,
925,,0,0,,,,0,,,,,,961,961,,,
926,,0,0,,,,0,,,,,,962,962,,,
927,,0,0,,,,0,,,,,,963,963,,,
928,,0,0,,,,0,,,,,,964,964,,,
929,,0,0,,,,0,,,,,,965,965,,,
930,,0,0,,,,0,,,,,,966,966,,,
931,,0,0,,,,0,,,,,,967,967,,,
932,,0,0,,,,0,,,,,,968,968,,,
933,,0,0,,,,0,,,,,,969,969,,,
934,,0,0,,,,0,,,,,,970,970,,,
935,,0,0,,,,0,,,,,,971,971,,,
936,,0,0,,,,0,,,,,,972,972,,,
937,,0,0,,,,0,,,,,,973,973,,,
938,,0,0,,,,0,,,,,,974,974,,,
939,,0,0,,,,0,,,,,,975,975,,,
940,,0,0,,,,0,,,,,,976,976,,,
941,,0,0,,,,0,,,,,,977,977,,,
942,,0,0,,,,0,,,,,,978,978,,,
943,,0,0,,,,0,,,,,,979,979,,,
944,,0,0,,,,0,,,,,,980,980,,,
945,,0,0,,,,0,,,,,,981,981,,,
946,,0,0,,,,0,,,,,,982,982,,,
947,,0,0,,,,0,,,,,,983,983,,,
948,,0,0,,,,0,,,,,,984,984,,,
949,,0,0,,,,0,,,,,,985,985,,,
950,,0,0,,,,0,,,,,,986,986,,,
951,,0,0,,,,0,,,,,,987,987,,,
952,,0,0,,,,0,,,,,,988,988,,,
953,,0,0,,,,0,,,,,,989,989,,,
954,,0,0,,,,0,,,,,,990,990,,,
955,,0,0,,,,0,,,,,,991,991,,,
956,,0,0,,,,0,,,,,,992,992,,,
957,,0,0,,,,0,,,,,,993,993,,,
958,,0,0,,,,0,,,,,,994,994,,,
959,,0,0,,,,0,,,,,,995,995,,,
960,,0,0,,,,0,,,,,,996,996,,,
961,,0,0,,,,0,,,,,,997,997,,,
962,,0,0,,,,0,,,,,,998,998,,,
963,,0,0,,,,0,,,,,,999,999,,,
964,,0,0,,,,0,,,,,,1000,1000,,,
